supplier_id,supplier_name
s10001,Rohan-Buckridge
s10002,Hills-Hoeger
s10003,Weissnat Group
s10004,"Lemke, Lebsack and Barton"
s10005,"O'Keefe, Stehr and Robel"
s10006,Deckow-Crist
s10007,"Kautzer, Leannon and Carroll"
s10008,"Windler, Bins and Beahan"
s10009,Littel-Kris
s10010,Kassulke LLC
s10011,"Beier, Becker and Rogahn"
s10012,Schuppe-Toy
s10013,Farrell and Sons
s10014,Collier-Kuhic
s10015,"Schoen, Schuster and Dare"
s10016,Nienow-Tromp
s10017,Leffler-Dooley
s10018,Huel-Koelpin
s10019,"Marquardt, Schaefer and Nolan"
s10020,Waelchi Group
s10021,Hilll Inc
s10022,Yost-Champlin
s10023,Crona-Barton
s10024,Raynor-Von
s10025,Rowe-Cormier
s10026,Hammes-Paucek
s10027,"Klocko, Murazik and Johnson"
s10028,Mueller-Conn
s10029,Rohan-Hegmann
s10030,Sporer LLC
s10031,Runolfsson Inc
s10032,Roob-Goyette
s10033,Raynor-Medhurst
s10034,Pacocha-Hegmann
s10035,Morar LLC
s10036,Ledner-Donnelly
s10037,"Huels, Heathcote and Stamm"
s10038,"Hane, Parisian and Strosin"
s10039,McDermott-Christiansen
s10040,Rogahn-Schmitt
s10041,Galord LLC
s10042,Maggio-Satterfield
s10043,Kirlin-Kirlin
s10044,Volkman-Lebsack
s10045,"Kiehn, Johnson and Botsford"
s10046,"Green, Corwin and Rath"
s10047,"Ledner, Anderson and Abshire"
s10048,"Wunsch, Haley and Waelchi"
s10049,Munster Inc
s10050,Tokio LLC
